 ,42
体验,407
卡,366
瑜伽,336
单次,170
单人,165
月,143
健身,132
周卡,111
套餐,110
小时,110
课,95
私教,73
桌球,71
课程,71
舞蹈,63
年卡,61
次,51
黑八,49
跆拳道,43
一对一,41
台球,40
次卡,40
斯诺克,39
代金券,36
成人,31
肚皮舞,30
季卡,28
教练,27
半年,25
棋牌,23
羽毛球,21
少儿,20
班,20
10,19
儿童,18
游泳,17
篮球,17
节课,17
中式,15
周末,15
天磊,15
畅打,15
双人,14
培训,14
精品,14
训练,14
时段,13
空中,13
街舞,13
高温,13
塑形,12
普拉提,12
畅玩,12
瘦身,12
私教班,12
三次,11
全,11
格斗,11
瑜珈,11
通用,11
黑,11
券,10
包场,10
双月卡,10
季度,10
拉丁舞,10
搏击,10
爵士舞,10
私人,10
超值,10
高级,10
产后,9
小班,9
羽毛球场,9
乔氏,8
俱乐部,8
健身卡,8
形体,8
梵,8
美式,8
课时,8
乒乓球,7
会员,7
体适,7
元,7
基地,7
张,7
散打,7
球,7
网球,7
艺迦,7
调理,7
高尔夫,7
0,6
IDO,6
两,6
全场,6
八号,6
单卡,6
指导,6
教课,6
暑期,6
梵境,6
武术,6
港,6
舞,6
节,6
节假日,6
英式,6
评估,6
运动,6
限时,6
雨桐,6
骑马,6
14,5
VIP,5
一张,5
两节,5
买断,5
价值,5
体测,5
修复,5
半场,5
印度,5
器械,5
学习,5
实体,5
室内,5
拳击,5
来力,5
爵士,5
生活,5
禅,5
私,5
美,5
肩颈,5
臀,5
芭蕾,5
计划,5
足球,5
身体,5
48,4
一对,4
一年,4
专业,4
乐部,4
会员卡,4
会馆,4
储值卡,4
八桌,4
减脂,4
包间,4
单月,4
卷,4
启点,4
周,4
唯赢,4
场,4
场地,4
埃及,4
基础,4
天,4
女子,4
学生,4
射箭,4
急速,4
悦,4
情侣卡,4
明星,4
星牌,4
晨练,4
普台,4
普通班,4
暑假,4
极速,4
清晨,4
特惠,4
篮球场,4
紫韵,4
纤体,4
线,4
美森,4
阳光,4
集训营,4
青,4
马甲,4
黄金,4
15,3
9.9,3
96,3
CrossFit,3
DF,3
Morning,3
Yoga,3
七日,3
两年,3
中心,3
主场,3
乔氏赛,3
健康,3
健身房,3
元仅售,3
分钟,3
力源,3
千水莲,3
单项,3
博珈,3
卡通,3
含,3
唯一,3
培训中心,3
培训班,3
定制,3
小包,3
年,3
悟,3
摩登舞,3
暑期班,3
桌游,3
民族舞,3
海浪,3
特价,3
特色,3
畅,3
素心,3
约,3
舞种,3
艺术,3
莲,3
蒸,3
行,3
西京,3
西安,3
订制,3
训练营,3
课卡,3
速瘦,3
逸静,3
门票,3
韩国,3
项目,3
馆,3
马术,3
魅丽,3
100,2
12,2
1708,2
18,2
1v3,2
20,2
2002,2
24,2
90,2
K8,2
O2TIME,2
TECH,2
WD,2
WT,2
vx,2
一周,2
一对二,2
一节,2
七次,2
世他,2
东方,2
两次,2
中包,2
主题,2
二星,2
二选,2
五次,2
仅售,2
企业,2
伯爵,2
体操,2
体能,2
充值卡,2
全市,2
兴趣班,2
凯比伦,2
击剑,2
初次,2
力,2
力龙,2
功能性,2
加,2
包,2
包时,2
区,2
单次试,2
博奥,2
卡特,2
双年,2
双次,2
台,2
台畅,2
周内,2
四海,2
团课,2
国际,2
圈,2
圣珈,2
地一,2
地券,2
备孕,2
夏日,2
外教,2
大包,2
太极,2
套路,2
女,2
女性,2
孕前,2
孕期,2
季,2
完,2
宫,2
尖叫,2
康体,2
快乐,2
恢复,2
悦享,2
惠,2
拳皇,2
提高班,2
教培,2
散场,2
斯,2
新,2
无限,2
早场,2
有氧,2
服务,2
标准,2
标准台,2
梵珈,2
检测,2
棋牌室,2
次数,2
欢唱,2
汉乐,2
洛克,2
测试,2
滑翔伞,2
灵动,2
点对点,2
燃脂,2
男,2
男士,2
米,2
精准,2
系统,2
素朴,2
终级,2
绿色,2
美姬,2
羽拍,2
翘,2
聚会,2
腰椎,2
腰背,2
自由,2
艺术体操,2
节私教,2
花雨,2
观赏,2
记名,2
赛台,2
超速,2
进阶,2
连成,2
通卡,2
遇见,2
金卡,2
钢库,2
银腿,2
间,2
防身术,2
限量,2
青少年,2
鞍时,2
预定,2
飞行,2
麻将,2
1.5,1
10000,1
1160,1
1198,1
16,1
160,1
188,1
19.8,1
198,1
1V1,1
1v1,1
2998,1
360,1
414,1
45,1
50,1
598,1
60,1
600,1
650,1
74,1
806,1
859,1
98,1
CG,1
CVB,1
DNA,1
F133,1
FMS,1
HIPHOP,1
IC,1
JAZZ,1
JOY,1
Kid,1
LED,1
MF,1
MFT,1
Muscle,1
O型,1
PAPA,1
SKY,1
SY678,1
Super,1
TT2128,1
TV,1
V,1
X,1
crossfit,1
inbody,1
s,1
spa,1
一个月,1
一人,1
一体,1
一季,1
一家,1
一月,1
一条,1
三个,1
三人,1
三十元,1
三私教,1
上健,1
上午,1
下午,1
专享,1
东尚,1
两店,1
中级,1
之火,1
乐八,1
乐动,1
亲子,1
亲情,1
人行,1
仅限,1
代,1
价,1
任意,1
会员区,1
体位,1
体育,1
体育运动,1
侧弯,1
倪雅,1
假日,1
健,1
健君,1
元双,1
元周,1
元舜,1
克拉,1
免费,1
入门,1
全天,1
全民,1
全能,1
全舞种,1
八两,1
八球,1
公里,1
六小时,1
养身,1
内不限,1
冠军,1
冰露,1
减肥,1
凤栖桐,1
分体,1
分析,1
初体验,1
初级,1
力绅,1
动作,1
十节课,1
午市,1
半卡,1
单台,1
单场,1
单约,1
单节,1
博剑,1
博季,1
卡卡,1
卡季卡,1
卡年,1
卡送,1
原价,1
双周,1
双季,1
双星,1
双月,1
口,1
古,1
古琴,1
台球桌,1
号,1
吉他,1
听课,1
周二,1
周年,1
周期,1
咏春,1
四次,1
四轮,1
回春,1
园,1
国标,1
圣伽,1
圣莫尼卡,1
地畅,1
型,1
基础课,1
塑身,1
塑造,1
增肌课,1
墨辰,1
处方,1
夏季,1
大人,1
大厅,1
大小球,1
大米,1
天卡,1
天极,1
太极拳,1
奥可特,1
女人,1
女士,1
姿态,1
婵静,1
孕妇,1
学员,1
学期,1
安然,1
实践,1
家庭,1
寄养,1
导师,1
射击,1
尊贵,1
小团体,1
小圈,1
小课,1
小鱼,1
工作室,1
工作日,1
巴西,1
常温,1
年级,1
庆,1
库斯,1
店,1
康博,1
开课,1
弹唱,1
强化班,1
循环,1
德菲,1
心悦,1
心灵,1
快速,1
愤怒,1
成舞,1
成长,1
户外,1
拉丁,1
拍,1
拓展,1
指弹,1
振勇,1
损伤,1
排球,1
教培班,1
教班,1
数据分析,1
断食,1
断食班,1
斯伯丁,1
新人,1
方法,1
早课,1
时空,1
旺座,1
晚场,1
服务区,1
期课,1
木库,1
松解术,1
板,1
柔术,1
标力,1
格斗类,1
梵净,1
梵怡诺,1
概念,1
横拍,1
次次,1
次汗,1
次私,1
次课,1
武会,1
水平,1
汗,1
汗水,1
沐,1
波汗,1
泰拳,1
洁肠,1
活动,1
润帝康,1
深度,1
清,1
清悦,1
清肠课,1
潮庭,1
炎武,1
热带,1
燕飞,1
爵色,1
特训班,1
特训营,1
玩,1
班卡,1
球台,1
理论,1
瑜,1
瑞森曼,1
生物,1
男生,1
畅享,1
疏通,1
白场,1
白鹿原,1
盆腔,1
益田,1
眼泪,1
矫正,1
矿泉水,1
碳素纤维,1
禅逸,1
离子,1
私教卡,1
私教维密,1
竖,1
童趣,1
第舞季,1
筋膜,1
筛查,1
管理,1
类,1
精品课,1
精度,1
精灵,1
紫艺,1
纳米,1
练球,1
绅迪,1
经典,1
经络,1
维秘,1
绿洲,1
缘静,1
美人,1
美美,1
翡翠,1
聚友,1
肌肉,1
肠胃,1
肩,1
背部,1
能暑,1
脂肪,1
脊柱,1
脊椎,1
腿,1
自助,1
自卫,1
舞之城,1
花田,1
茉莉花茶,1
茶水,1
莱力牌,1
菩提,1
藏式,1
训练班,1
试,1
试课,1
课周,1
课月,1
调整,1
豪华,1
贵宾,1
超强,1
趣味,1
足道,1
身,1
身体健康,1
身材,1
轮滑,1
轮滑鞋,1
进店,1
连续,1
送,1
选,1
通宵,1
速,1
速型,1
速成,1
道场,1
重塑,1
钢,1
钢管舞,1
铁,1
银卡,1
铺巾,1
阎良,1
限,1
陪练,1
隧道,1
雄风,1
集训,1
零距离,1
青训,1
青韵,1
静心,1
静轩,1
面部,1
韩奥,1
项,1
预科,1
颈,1
风情,1
风火轮,1
马匹,1
骑士,1
骑程,1
高空,1
魅月卡,1