 ,1707
00,74
00am,1
00pm,4
01,3
029,22
08,1
09,1
1.2,2
1.30,2
1.5,17
10,84
100,14
1000,4
100FMS,1
1080,1
11,8
1150,1
118,1
12,38
1200,1
13,10
13.00,1
14,8
1499,2
15,29
150,3
1500,1
15129007413,3
152869516882,2
15291968802,2
15389008309,3
158293853322,4
1599,1
16,11
17,12
18,27
180,3
180926625013,4
18291866454,4
18302989085,12
18706781361029,3
19,23
19.8,1
19.9,2
190,1
1900,1
1963049974,2
199,1
1996,4
19F,3
1V1,2
1ktv,1
1v3,1
2.8,1
20,36
20%,2
20.00,1
200,8
2000,1
2014,4
2015,8
2016,6
20min,1
21,12
2100,1
22,5
2250,1
23,1
2399,1
24,23
240,1
25,2
26,3
260,1
28,2
280,2
29.8,1
29.9,1
2CM,1
2H,1
30,70
300,18
3050623055,1
307,1
32,3
3280,1
330,1
35,3
350,1
36.6,1
360,4
38,1
380,2
39.8,1
399,1
40,11
4001115278,1
420,2
4318,1
44,1
449.2,1
45,15
48,2
499,1
4A,2
5.6,1
50,15
500,2
52,1
550,2
56,1
58,1
58.8,1
5800,1
59.8,1
60,62
63025767,3
63622052,10
650,1
68281699,1
70,3
75,10
788,1
7plus,1
8.5,1
80,6
800,2
81110888,1
85,1
85590904,2
86686697,4
87614211,3
87928888,1
9.5,1
9.9,12
90,24
900,1
950,3
989,3
999,1
Anusara,2
Ashtanga,1
Asthanga,1
A座,3
B,4
BMI,5
BOX360,1
BikramChoudhury,1
CCTV5,4
CFer,1
CROSSFIT,1
CS,1
CrossFit,10
Dance,10
FMS,3
Fanshion,2
Floor,10
Flow,1
G5,2
GTA5,1
HIP,1
HIPHOP,3
HOP,1
High,2
Hiphop,1
IC,4
INBODY,9
In,3
JAZZ,7
JOY,1
Jet,10
K,3
LA,1
LED,1
Lite,1
M,1
MTV,2
MV,2
Modrenjazz,1
NEW,1
O型,12
P,1
PNF,6
POP,3
POWER,1
PVC,1
Popping,1
Powre,1
Q,2
QQ,2
RAGGAE,1
RS,1
SEXY,1
SKY,1
STREET,1
Sexyjazz,1
Style,1
TABATA,1
TB,3
TRX,1
Tianleitiyu,2
Triyoga,2
VIIT,1
VIP,11
VIPR,1
WIFI,10
WiFi,4
Wifi,4
X,14
X光,1
a,4
aime,10
anusara,1
ashtanga,1
b,3
body,1
c,3
com,2
core,1
crossfit,3
d,1
drop,1
e,2
fit,2
hiphop1,1
hipop,1
in,1
inbody,1
jazz,2
kingsport,2
l,4
mm,1
popping,2
power,1
qiang,2
qiang10,1
qiang6,1
s,1
tianleitiyu,2
urban,2
vinyasa,1
waachin,1
wifi,9
www,2
xbox,1
yoga,1
,2
α,1
г,1
∩,2
∷,2
⑸,1
⑹,1
⑽,1
⒂,2
⒉,1
⒌,1
⒏,1
⒒,1
⒘,2
┕,1
┛,1
┢,1
┳,1
★,4
　,19
〖,1
さ,1
し,1
そ,2
た,1
べ,4
ヒ,1
ㄈ,1
ㄊ,2
ㄒ,3
㈣,1
一个半,6
一个月,17
一个班,1
一乾,4
一人,8
一件,1
一份,10
一位,1
一体化,1
一体式,2
一共,1
一千多,1
一卡,1
一双,3
一只,2
一名,3
一周,27
一场,4
一堂,3
一壶,5
一夏,6
一大,3
一大批,6
一头雾水,9
一套,13
一家,2
一寸,1
一对,12
一对一,47
一对二,1
一年,9
一应俱全,1
一张,22
一批,2
一挥,1
一支,1
一日游,1
一月,4
一期,9
一本,1
一条,3
一桌,1
一次性,11
一款,2
一步步,1
一段,5
一流,1
一瓶,1
一盘,1
一种,9
一站式,4
一系列,1
一节,11
一节课,28
一重,1
一门,1
一间,2
一项,2
一颗,2
七年,1
七日,3
七次,1
七谷,1
万物,1
万达,1
三个,6
三位,3
三八,1
三千多,1
三国,1
三层,4
三楼,1
三次,11
三私教,1
三节,3
三节课,6
三选,1
三重,1
上午,3
上台,2
上山,2
上杆,2
上班,1
上端,2
上线,1
上网,2
上课,113
上门,3
下午,7
下午茶,2
下单,6
下垂,18
下杆,2
下腹部,2
下设,2
下车,4
下道,2
下降,2
不予,4
不二,3
不分,2
不到,6
不含,2
不均,1
不孕,2
不宜,4
不屈,2
不得其法,1
不想,2
不断完善,4
不良,5
不良反应,1
不见,1
不见不散,4
不适,4
不间断,2
不限店,2
不限箭数,3
不限舞种,3
与你同在,4
专业,115
专业人才,3
专业性,2
专业技能,3
专业级,2
专享,1
专修,2
专场,8
专家,3
专属,2
专攻,2
专注,5
专用,7
专职,1
专项,3
世界,11
世界杯,2
业余,1
东方,5
东西,4
东贤,5
丝,1
丝路,1
两,5
两个,10
两人,1
两台,1
两天,2
两店,1
两张,1
两支,1
两次,5
两瓶,10
两节,6
两节课,4
两面,3
两项,1
严丛,1
严禁,2
个体化,1
个性化,4
中,46
中先,1
中包,1
中医,3
中因,10
中国,11
中国歌剧舞剧院,1
中国舞蹈家协会,4
中场,10
中央空调,3
中式,10
中心,12
中有,1
中登,3
中级,12
中途,2
丰厚,2
丰富多彩,3
串联,1
临时,2
为准,1
为期,2
主体,6
主动,1
主卡人,1
主场,3
主持,1
主题,9
丽舍,1
举重,1
久坐,1
久远,4
乇,1
义,3
之内,5
之外,7
之日起,17
之源,1
之火,1
之美,3
之选,3
之道,1
之间,1
之际,1
乐园,1
乐观,1
乒乓球,11
乔氏,19
乘坐,2
乘客,8
九大,1
九峰,2
九次,9
九球,4
九路,3
九选,1
习惯,5
习惯性,2
习练,4
书包,1
书吧,7
书法,4
书籍,6
买,4
乱,2
乾惕,4
事,2
事宜,1
事实上,1
事情,2
二十分钟,6
二十多种,2
二路,4
二选,1
二重,1
亍,1
云顶,1
互动性,1
五人,2
五律,1
五星级,1
五次,13
五种,3
五节,2
五节课,3
五行,1
亚,1
亚健康,1
亚洲,1
亚特,4
交,1
交叉,4
交取,1
交易,4
交流,15
交流平台,2
交流活动,18
交清,1
交纳,1
交际,5
亦可,1
产,3
产前,1
产后,37
产品,7
产妇,4
享,2
享受,44
享用,3
京昆,2
亲临,1
亲友,1
亲子,5
亲子关系,2
亲密关系,1
亲密无间,4
亲情,1
人体,11
人即,3
人均,2
人手,1
人数,32
人格,4
人气,2
人班,1
人群,10
人起,1
仅供,1
仅售,2
仅限,124
仅限于,4
介绍,8
付费,3
代表性,2
代课,3
代谢,7
代金券,5
以中,1
以内,3
以示,1
以礼相待,4
价,2
价位,1
价值,33
价格,11
任君畅,1
任意,6
任教,2
任选,23
份,8
企业,21
企事业,5
伏案,1
休息,13
休息区,22
休息厅,4
休闲,14
优,1
优异者,1
优惠,68
优惠券,5
优惠活动,1
优秀,1
优越,2
优雅,2
优魄杯,8
会员,112
会员卡,3
会补,2
会馆,16
伞,4
传媒,1
传授,10
传播,6
传染,2
传染病,1
传统,9
传送,1
伤害,3
伤病,1
伴手,1
伴舞,2
伸,1
伸展,34
伽,14
伽人,1
佃,2
位于,7
位置,3
低,4
低头,1
低血压,2
住宿,13
体,13
体会,19
体位,10
体位法,1
体型,7
体式,11
体形,2
体态,25
体悟,1
体感,2
体操,10
体操课,1
体操赛,4
体智,5
体测,11
体现,2
体系,2
体育,17
体育场,2
体育考试,4
体育锻炼,5
体能,35
体能训练,15
体脂,2
体脂率,1
体质,2
体适,23
体重,3
体雕,1
体验,284
体魄,2
余,2
作业,6
作出,1
作品,2
作息,3
作用,2
佩戴,1
佳,1
使用权,1
例外,1
供,12
供应,1
供应商,2
供选择,1
依托,4
侧,2
侧弯,1
侧旋,9
侧身,1
侵袭,2
便会,1
便捷,3
保健,11
保护,3
保留,1
保癖,1
保证,4
保证质量,2
保险费,2
信为,4
信心,1
信息,8
信赖,1
修,1
修复,18
修完,1
修行,4
俱乐部,86
倍,4
倒地,2
借阅,6
倦怠,1
值得,1
倾,4
倾力,1
做,12
做人,1
做好,2
停不下来,1
停课,34
停车,4
停车位,8
健体,1
健君,1
健康,30
健康状况,1
健美,3
健身,135
健身卡,4
健身器材,1
健身房,11
傅迹,1
储值卡,6
储物柜,54
傲人,5
僵硬,6
儿童,66
元,90
元到,1
元包,1
元整,1
元本,1
元注,1
元素,1
充满,10
充满热情,2
先,6
先进,2
光临,11
光盘,1
克己,9
克拉姆,1
免疫力,1
免责,1
免费,314
兑换,10
入住,1
入场,5
入学,1
入门,1
入驻,1
全,5
全体成员,2
全免,1
全国,3
全场,15
全天,1
全套,1
全市,10
全店,2
全开,1
全新,9
全方位,4
全日制,2
全是,3
全景,1
全球,2
全程,2
全自动,2
全身性,1
全长约,1
全额,1
八号,2
八字,4
八桌,3
八球,4
八节,1
八路,2
八重,1
公交路线,2
公交车,4
公众,3
公司,11
公园,2
公开课,2
公用,1
公益,5
公里,5
六个月,1
六分,3
六大,1
六支,1
六点,1
六节,1
六节课,1
六选,1
共三,2
共有,1
共计,4
关心,2
关系,2
关联,1
关节,38
关键,1
兴趣,4
具,1
具体位置,2
具备,1
养,1
养成,3
养生,17
养生茶,1
兼修,8
内不限,6
内分泌,1
内分泌腺,2
内到,4
内均,1
内外,10
内容,110
内开卡,1
内心,1
内换次,1
内脏器官,1
内裤,1
内训,1
内设,5
内部,2
内限,1
军事,1
农家乐,4
冠军,1
冥想,11
冰球,1
冰镇,1
冲减,1
冲动,2
冲拳,3
冲洗,1
冲澡,3
净化器,4
准时,5
准确,2
准确性,1
减压,8
减少,3
减肥,9
减脂,20
减轻,4
减重,1
几周,2
凡到,1
凡来,1
凤城,5
凭此,1
凭证,2
凸显,1
出发,2
出口,2
出奇,1
出示,4
出血,2
击打,4
击球,25
分,5
分为,6
分享,2
分娩,6
分布,1
分开,2
分析,31
分班,1
分离,4
分类,3
分组,1
分解,4
分钟,140
切忌,2
切记,10
划卡,1
划水,1
划船,3
创始,1
创建,4
创意,3
创新,2
创新型,1
创立,1
创造力,2
初次,6
初步,1
初级,12
初级班,1
初衷,4
判断,14
利益,18
到塘分,1
到达,6
制力,1
制定,6
制胜球,1
刷,1
刷卡,1
券,32
券不限,1
券可分,2
券可到,1
券号,2
券码,2
券请,1
券限,1
刹渭拥,1
刺激,2
前,46
前倾,4
前十名,1
前台,8
前均,1
前所未有,2
前来,1
前沿,2
前级,1
剧烈运动,13
剩,1
剩余,1
劈掌,1
力,3
力量,85
力量雄厚,4
办,2
办公,1
办理,8
功,1
功底,1
功效,1
功法,1
功能,49
功能性,28
加,1
加尤,3
加课,1
务必,5
动,3
动亦静,4
动作,42
动如脱兔,5
动态,2
动感,5
动感单车,16
动易,4
励行,4
劲武,5
劲舞,1
劳损,3
势能,1
勇敢,4
募,1
勺杷,1
勾,1
勾拳,1
匀称,1
包,4
包厢,2
包含,70
包场,4
包括,31
包教包会,1
包间,8
化解,1
北郊,3
匦,2
匪夷所思,1
区,14
区域,13
医生,13
医用,3
十三,1
十五分钟,2
十位,2
十余种,1
十分钟,4
十到,2
十号,4
十字,3
十年,5
十次,2
十节课,1
千元,1
升级,1
午场,1
半价,5
半场,1
半封闭,1
半小时,5
半年,17
半日制,1
协会,3
协商,2
协调,3
协调性,22
单不含,1
单为,6
单云手,2
单人,26
单价,1
单位,8
单功能,2
单可分,7
单够,2
单年,1
单张,1
单月,2
单次,60
单独,3
单节,4
单限,2
南,2
南美,3
博奥,5
卞,3
卞清,2
占,1
卡,113
卡不限,2
卡为,1
卡仅,1
卡可,3
卡日,2
卡期,1
卡类,1
卡自,1
卡自到,1
卡通,1
印,1
印度,8
危险,1
危险性,2
即兴,1
即可,16
即日起,1
即止,4
卵子,2
卷,5
历史,4
压力,15
原,1
原于,1
原价,14
原则,6
原因,15
原理,3
原装,1
厥,1
厨房,1
去掉,4
参与,8
参加,25
参考价,1
及体,1
及切,1
及成,1
友情,2
友爱,2
双,3
双云手,2
双人,9
双打,9
双月卡,2
双缠,1
双节棍,5
双重,1
反应力,3
反馈,2
发,2
发力,2
发子,1
发展,30
发展趋势,5
发愁,4
发挥,5
发放,4
发现,3
发球,33
发生,2
发票,2
发芽,6
发货,2
取消,9
受伤害,2
受力,1
受孕,2
受损,3
受欢迎,1
受身,1
受限,6
变化,13
变换,1
变细,1
叠加,17
口令,2
口号,4
口向南,3
口头,4
口径,2
古典,3
古典舞,7
古琴,4
另有,3
另行通知,1
叩,1
叩首,1
只练,1
只能,7
叭,1
可三选,1
可上,1
可享,8
可分,21
可到,11
可沿,2
可用,3
可留教,1
可续团,1
台,2
台尼,4
台球,20
台球桌,1
台阶,1
台阶式,2
台风,1
右,2
号,5
号牌,1
司机,2
吃,3
各减,1
各大,1
各类,43
各项,8
合作,1
合并,1
合格,2
合理安排,2
合计,2
合适,11
合道,3
吉,4
吊,1
吊球,5
同事,1
同享,4
同意,2
名,4
名优,1
名可,1
名额,1
名额有限,4
后场,11
后天,1
后方,10
后期,1
向前,1
向前走,2
向南,2
向西南方,2
君如,5
含,21
含站,1
含胸,6
含量,3
含鞋,1
听从,8
听取,3
听解,2
听课,1
吸汗,2
吸烟,2
告知,20
告诉,2
员工,8
周,16
周一,15
周三,4
周二,2
周五,14
周六,7
周六日,4
周内,3
周内卡,1
周内班,3
周内班为,2
周到,6
周卡,23
周天,1
周岁,7
周日,8
周期,1
周末,16
周至县,4
周边,1
呼吸,10
咖啡,14
咖啡厅,8
咨,2
咨询,72
咨询电话,5
品牌,2
品类,1
品质,2
唤醒,4
售卖,4
唯一,3
唱诵,2
商业,3
商人,1
商务,4
商卡,1
商品,1
商定,1
商家,60
商户,8
商议,1
善于,4
喙,1
喜悦,5
喜欢,6
喜爱,3
喝,4
嗤,1
嗥,1
嗨,1
嘻哈舞,1
器,3
器官,2
器时长,2
器材,21
器械,105
四个,1
四十五分钟,2
四大,2
四季,3
四岁,1
四方,2
四炅湎,1
四肢,2
四节课,1
回到,1
回报,1
回春,2
回访,18
回课,1
回馈,1
团,1
团体,8
团体操,2
团单,9
团训,2
团课,5
团购,64
团队,19
园,2
困扰,2
围度,4
固定,6
国,1
国内,2
国内外,1
国学,2
国家,6
国家一级,2
国家标准,1
国标,3
国武班,1
国际,13
国际化,1
圆肩,5
圈,2
圣伽,1
在家,6
在短期内,1
在线,1
地下室,4
地中海,2
地券,2
地址,10
地板,3
地点,7
场,3
场地,53
场所,1
场至,2
场馆,14
均衡,14
坏,1
块,1
坚韧,5
垃圾,3
型,20
垫,47
垫子,9
垫步,3
埃及,5
培,1
培养,16
培训,47
培训中心,1
培训基地,2
培训班,8
基地,15
基本功,9
基本操作,2
基本知识,8
基本素质,1
基础,55
基础代谢,6
基础代谢率,4
基础知识,2
基础薄弱,1
基础课,2
堤,3
塑型,1
塑形,69
塑性,5
塑胶,3
塑身,4
塑造,7
填写,3
墒,1
增减,1
增加,20
增大,3
增强,32
增肌,10
增长,1
壁,1
壑,1
声明,1
壶,3
壹年,1
处于,4
备孕,4
备注,9
复习,1
复印件,2
复合,3
夏令营,1
夏日,2
外,8
外扩,14
外突,4
多余,1
多元化,2
多卡,1
多台,3
多年,5
多店,3
多样,1
多样性,1
多款,2
多点,5
多球,13
多球训,1
多种,8
多类,3
多维度,2
多节,3
大亨,1
大众,11
大会,1
大包,2
大厦,8
大型,1
大奖,1
大小不一,4
大师,2
大师赛,4
大床,1
大明宫,2
大气,1
大班,1
大礼包,1
大纲,2
大脑,2
大腿,1
大讲堂,1
大长,1
天,8
天使,2
天内,7
天只,1
天姿,1
天悦,1
天气,5
天用,1
天磊,4
天维密,1
太乙店,1
太极,12
太极拳,2
太白,1
太长,1
太阳,1
夭,1
失眠,3
头痛,1
头盔,3
夸张,1
奉爱,3
奔跑,2
奖品,1
套,1
套路,3
套餐,78
奥林匹克,2
女人味,1
女士,6
女子,7
女性,5
女王,3
女生,2
女足,2
好去处,4
好处,6
好夥,1
好看,2
好难,1
如对,2
如意,3
如握,1
如有安,2
如要,3
如需,16
妇女节,1
妊娠,2
妗,1
妥善,3
妻子,1
始终保持,2
姓名,2
委员会,4
姿,1
姿势,1
姿态,5
娱乐,8
娱乐厅,1
娴剿,1
婆媳关系,1
婵静,1
媪,1
媸,1
嫘,1
孔雀园,1
孕中,4
孕产,6
孕前,18
孕周,2
孕妇,11
孕妈咪,2
孕期,6
孙,3
季卡,8
季度,2
学,3
学习,85
学会,9
学员,91
学完,2
学期,4
学校,2
学生,8
学生证,2
学童,1
学者,1
学费,2
学院,10
孩子,47
守则,13
安,3
安排,135
完,24
完后,1
完善,1
完整,6
完毕,28
完美,5
宗旨,6
官网,3
定于,3
定位,5
定制,30
定期,36
定金,1
宝石,1
宝贝,1
实习,4
实习期,1
实体,3
实况足球,1
实名制,3
实施,2
实用,1
实用技术,4
实练,1
实践,7
客人,2
客座,1
客户,5
客服,7
客用,3
客观因素,4
客运站,2
室内,8
室温,1
家人,3
家庭,1
家庭幸福,1
宽大,2
宽松,17
宾馆,8
寄存,2
富有经验,1
富贵,2
寓教,1
寸,1
对抗,2
对肠,1
对讲机,2
对象,4
对面,1
寻求,2
导师,9
导恃,1
导敖塘纷,1
导致,18
封顶,1
射击,1
射箭,6
尊享,1
尊巴,1
尊礼,4
尊贵,7
尊重,2
小叶,3
小号,2
小吃,12
小团体,3
小型,1
小宝贝,1
小提示,1
小时,179
小点心,1
小班,17
小白,1
小腿,2
小蛮,1
小计,1
小食,2
少儿,52
少年儿童,1
少走弯路,1
尔马,2
尖锐,2
尝试,1
就业,7
就职,1
就近,16
就餐,1
尼克斯,3
局部,7
层,3
层层,1
层面,1
屑,1
展现,4
展示,2
山体,2
岁,31
峁,2
峪口,4
峰,6
嵩痹,1
嵩苯,2
工作,12
工作人员,22
工作室,6
工作者,1
工具,7
左,2
左右脑,4
差价,3
市区,4
师资,4
师资队伍,1
希望,4
帐号,1
带上,1
带到,2
带国级,1
带来,5
带给,9
带走,1
带队,1
带领,2
带飞,2
帮,1
常年,4
常温,6
常见,3
常规,6
常识,1
幅度,3
干蒸,1
平台,2
平方米,1
平日,1
平等,2
平米,8
平衡,8
平衡力,2
平衡性,5
平衡感,2
平静,5
年,31
年会,3
年内,2
年卡,14
年卡自,1
年轻人,2
年龄,21
年龄段,10
并步,3
幸福感,1
幸运,1
幼儿,17
广,1
广场,1
庆祝,1
序列,1
应变能力,2
店,69
店内,64
店售,2
店家,1
店拿取,1
店能,3
店里,1
度,2
座,2
康,1
康博,5
康博海,1
康复,10
康复训练,1
延展,5
延时,2
延续,4
延缓,2
延迟时间,2
延长,5
延长时间,2
建立,3
建议,8
建议您,3
建设,1
开,1
开业,10
开卡,6
开卡后,4
开发,1
开发式,4
开台,2
开合,1
开拓者,5
开掘,1
开朗,5
开班,7
开营,1
开设,24
开课,7
开课时间,6
开车,1
开馆,1
异状,2
异议,4
式,6
弓步,1
弓舍,3
引发,1
引领,2
弘扬,4
张,24
弧,1
弯,1
弯腰,4
弱,1
弱侧,1
弱酸性,1
弹,1
弹力,12
弹夹,2
弹性,12
弹跳,14
强,4
强健,8
强势,1
强化,15
强化训练,2
强度,6
强效,1
强行,1
强身,1
强身健体,1
当天,12
当日,18
当月,4
形体,43
形外,2
形式,1
形象,2
影响,2
待遇,4
得力助手,1
循序渐进,1
循环,3
微信,8
德合道,1
心,11
心动,1
心情,2
心灵,9
心理,2
心理素质,9
心肺,16
心脏,2
心脏病,17
心脑血管,1
心血管,2
心跳,5
必修课,1
必修课程,1
忍者,1
忍耐,9
快乐,26
快快,4
快速,1
快速反应,2
怀孕,2
怀挚,1
态度,4
怠,3
怡,1
急速,5
性,9
性别,1
性功能,2
性感,1
性格,10
总,9
总计,1
总部,1
恐怖症,1
恐惧,1
恐高症,2
恒温,3
恢复,8
患有,3
患者,13
悬挂,4
情侣卡,1
情况,12
情感,10
情绪,2
惊喜,1
惟度,1
惠,1
想不到,4
想变,1
想瘦,1
想要,4
惶祝,1
惺,1
愉悦,7
意外,13
意志品质,4
意念,1
意识,5
愚笨,4
感冒,2
感受,3
感恩,5
感觉,7
感谢您,1
愤怒,1
慎重,1
懂,5
成交,1
成人,58
成份,1
成分,5
成功,7
成品,14
成效,2
成绩,3
成长,9
我店,1
我管,3
我馆,12
或用,1
战术,32
战绳,1
截击,10
截止,2
户外,10
户外运动,2
房,2
房等,1
所学,2
所说,1
扁平,12
扇,1
手,3
手势,1
手型,3
手术,1
手机,2
手法,5
手环,1
手脚,2
手臂,2
手部,1
打位,2
打开,2
打扮,1
打法,2
打球,3
打电话,1
打造,8
扔,2
执丝,2
执着,2
扩,4
扬格,11
扭,1
扶阳,2
找人,1
承担,3
承接,1
承诺,1
技,11
技巧,12
技术,50
技能,16
抑菌,1
抑郁,2
抒情,1
抓紧,1
投入,1
抗疲劳,1
抗衰老,1
折,7
折尊享,1
抟,1
抢,4
护具,6
护理,5
护肘,1
护腕,1
护腿,1
护膝,1
报名,40
报名点,1
披萨,4
抬头,2
抵傅,1
抵押,1
抵用,1
押金,2
抽奖,1
抽查,1
担纾,1
拉,2
拉丁,13
拉丁舞,32
拉伸,41
拉力,1
拍,3
拍法,12
拐,2
拒绝,1
拓展,8
拔高,1
拖鞋,18
拗,1
招生,7
拜日,3
拥有,19
拦莶,1
拦菅盗,1
拳,1
拳击,4
拳掌,1
拳法,1
拳皇,1
拼班,1
持,4
持久,1
持卡,2
持卡人,16
持有,2
持此,24
挂件,1
指出,1
指定,7
指导,49
指导性,1
指引,3
指挥,3
指数,1
指标,3
按摩,14
按次,1
挑,10
挑战性,1
挑球,6
挤,1
挥,1
挥杆,6
捋,1
损伤,11
换,10
换取,1
换步,1
换气,2
授权,1
授课,39
掏,3
排列,1
排期,1
排汗,2
排舞,2
排课,1
接发球,12
接受,4
接待,3
接杀,1
接轨,1
接送,2
控,1
推,4
推出,2
推广,2
推掌,1
推杆,3
推荐,12
提供,278
提出,8
提前,39
提前准备,3
提升,18
提示,31
提醒,11
提高,33
插班生,1
握,12
握杆,2
搏击,17
搏击操,4
搓,1
搭建,4
搭档,4
搭配,2
携带,3
摄像,2
摄取,1
摄影,2
摆拳,1
摆球,3
摩尔,1
摹,1
撒拉,1
撕裂,1
擅自,2
操,19
操房,5
操课,14
支,2
支付,2
支持,3
支撑,4
收取,11
收紧,1
收腹,1
收费,40
改,1
改变,6
改善,68
改期,4
改造,2
攻,1
放松,37
效,2
效期,3
效果,5
效率,1
敏捷,3
敏捷性,1
救松,1
教会,1
教学,72
教学内容,7
教学大纲,4
教学系统,1
教学质量,18
教室,5
教师,3
教授,7
教材,7
教班,1
教练,205
教练员,2
教育,6
教课,17
散打,12
数据,1
数量,4
整体,1
整套,1
文化,16
文景,3
斜,6
斡,1
断食,1
斯诺克,1
新,5
新会员,6
新城,1
新店,1
新款,4
新锐,2
新陈代谢,2
新颖,4
新风,1
方可,3
方可进,1
方向,4
方式,22
方案,18
方法,5
旅程,4
旋,9
族,2
旗下,3
旗舰店,2
无故,3
无条件,2
无极,1
无氧,1
无法比拟,3
无限,8
无需,13
无须,1
日,18
日前,1
日后,1
日期,6
日起,2
日间,2
旨在,1
早,3
早上,3
早中晚,3
早场,1
早晨,1
时,133
时为,1
时代,4
时令,8
时会,3
时向,2
时尚,4
时常,2
时段,6
时请,5
时长,62
时间,148
时间段,6
时限,1
时需,1
旷课,1
明光,3
明星,3
明目,2
星冰乐,4
星牌,1
星空,1
春,6
昴,3
显,1
显效,1
晚,4
晚上,2
晚会,1
晚场,2
晚课,1
晨练,10
普拉,3
普拉提,42
普通班,3
景区,3
晶莹剔透,4
智,4
智力,11
智能,5
暂,2
暑假,2
暑期,5
暑期班,1
暝,1
曲江,1
更会,5
更好,2
更待何时,1
更换,4
更棒,2
更能,2
更衣室,7
更衣柜,5
曼陀罗,3
最多,4
最少,3
月,104
有助于,6
有意,1
有效期,32
有无,7
有机,4
有权,2
有氧,34
有空,1
有轨,17
有限,2
有限公司,2
朋友,6
服,17
服务,136
服务项目,2
服装,16
服饰,12
朗,1
期,8
期内,1
期待,1
期望值,3
期间,10
期限,3
木杆,1
未,1
本会,4
本券,5
本单,83
本卡,12
本周,1
本团单,8
本店,8
本张,1
本期,4
本次,3
本行业,1
本部,2
本馆,6
术,6
术后,6
术者,2
术语,1
机,2
机会,4
机构,2
机械,2
机能,8
杀,3
杀人,1
杀球,5
权利,1
权威,1
权威认证,1
权益,2
杆,3
杆头,1
材料,1
村,2
村余永路,4
杠铃,1
条款,2
来袭,4
杯,5
杷,1
松动,2
松弛,1
松解术,1
极佳,3
极具,1
极品飞车,1
极速,2
构架,2
果岭,1
果汁,4
某节,2
柔亦强,4
柔韧,5
柔韧度,3
柔韧性,15
柜,2
柜子,4
查漏,1
查看,2
查询,2
标准,25
标准台,1
标力,1
核对,2
核心,32
根基,1
格,2
格挡,1
格斗,5
格斗类,1
案,6
桌上,2
桌式,1
桌游,1
桌球,30
桌球台,4
桌面,1
档案,3
桥梓,3
桩,1
梅花,1
梅花鹿,1
梵珈,1
检测,1
检测仪,3
棋牌,3
棋牌室,8
棵,1
椭圆,2
楼,1
概念,2
概率,4
概述,5
榻榻米,1
模拟,1
模特,1
模辣始,1
次,106
次卡,4
次数,41
次日,4
欢乐,4
欢迎您,7
欣赏,2
欧美,3
款,1
歌,1
正,2
正位,3
正反手,7
正式,3
正手,1
正确,4
此券,13
此单,2
此卡,2
此卡为,11
此卡分,1
此团单,3
步,2
步伐,46
步入,4
步型,1
步法,9
武术,9
武术馆,1
武道馆,8
残疾,1
殴,1
段,4
段位制,1
殿堂,2
毋庸置疑,2
每人,41
每位,33
每周,9
每周六,1
每周日,1
每张,9
每日,2
每月,9
每期,1
每桌,1
每次,16
每班,3
每节,1
每节课,49
每进,1
比例,2
比赛,5
毕业,8
毛巾,21
毯,34
毯此,1
民,1
民族,7
民族舞,23
民间舞,1
气色,1
气血,1
气象条件,2
气质,2
氛围,2
氡,1
水,3
水中,7
水任,1
水准,4
水分,1
水司,2
水平,2
水杯,5
水果,14
水温,1
水质,1
永丰,6
汇聚,2
汗,9
汗水,2
汗液,1
汤,10
汤加,23
汤品,1
汤噶肩,2
汽车,2
沐浴,2
沐浴液,1
沐浴露,10
沓,1
沙发,4
沙坑,1
沙杆,1
沟通,15
河斡境,1
治疗,1
泄,1
泄毓娑,1
法,5
泡沫,7
波速,1
注,14
注意事项,8
注意力,4
注明,1
注重,3
泰寨园,6
泰拳,3
泳帽,6
泳池,2
泳衣,2
泳装,1
泳裤,2
泳镜,1
洗,1
洗发水,9
洗发露,1
洗浴,53
洗漱,2
洗澡,12
洗礼,1
洗面奶,1
活力,5
活动,24
活动度,2
流,59
流产,2
流动,2
流派,1
流畅,1
流程,62
流行,7
流行歌曲,1
流逝,1
浇萄,1
测评,4
测试,51
测试仪,1
浪费,1
浯,1
浴室,2
浴巾,1
海,1
海报,5
海拔,2
消化,1
消化系统,9
消毒,4
消费,33
消费者,11
消除,4
涝,2
淋巴,1
淋浴,20
深,2
深层,1
深度,2
清,3
清凉,7
清晨,1
清洁,1
清理,1
清肠,2
温度,1
温热,1
温馨,20
游戏,22
游泳,22
游泳圈,2
游泳池,6
游泳赛,2
游泳馆,3
湿蒸,1
溜,6
滋养,1
滑翔,8
滑翔伞,8
滑行,2
满意,5
滩,1
漂亮,1
漂浮,1
演出,7
演练,2
潜久夥烟,1
潜伏,1
潜在,1
潜能,4
潮庭,2
潮流,5
激发,3
激活,7
瀑布,2
火影忍者,1
火爆,1
灯光,2
灯光效果,2
灯具,2
灵敏,3
灵活,3
灵活性,5
炱,1
点,10
点到,1
点心,2
点线面,2
点评,2
烘烤,1
烛光,5
烧烤,1
热带,7
热情,3
热水,5
热爱,7
热线,15
热舞,5
热身,18
热量,1
热门,1
焦虑,2
煌,1
照明,2
照片,1
照相,1
煺,1
燃烧,1
燃脂,1
爆发力,7
爬山,1
爬梯,5
爱,5
爱上,8
爱好者,7
爵士,10
爵士舞,42
爵色,7
父母,1
片,1
片段,1
牛仔裤,12
牛排,4
牛皮,1
物品,5
牵坏,1
特,1
特价,2
特别,13
特别版,1
特定,2
特性,2
特惠,1
特殊人群,2
特等奖,1
特色,30
特调,4
特高,1
状况,3
状态,7
狙击,1
独立,7
狼人,1
狼牙棒,1
猎豹,3
猕猴,1
猝死,1
率,3
率及,1
王,8
王薇,3
玩,5
玩加乐,1
玩家,1
玩转,1
玫,1
环保,3
环境,16
环山公路,2
环节,1
现,6
现代舞,2
现价,1
现实生活,1
现已,4
现金,1
班,49
班三选,1
班为,2
班及,4
班期,1
班注,1
班送,1
球,37
球台,3
球操,2
球杆,14
球馆,6
理事单位,1
理念,7
理疗,41
理论,16
理论指导,3
理论知识,2
瑜伽,748
瑜珈,22
璧,1
瓜子,1
瓶,10
瓶装水,3
甓,1
甜点,8
甜美,1
生动有趣,8
生态,1
生态园,1
生日,3
生殖系统,2
生活,31
生活习惯,1
生活态度,2
生理特点,1
生长,6
用于,1
用到,2
用品,63
用地,1
用户,12
用途,1
田亮,2
由寒生,1
申请,2
电厂,1
电子,1
电子市场,2
电子版,1
电影,8
电玩,1
电脑,2
电视,2
电话,32
男,2
男士,7
男女,15
男女老少,1
男性,1
男生,2
畅,1
畅享,2
畅玩,2
留,1
留在,2
疏通,6
疗愈,1
疗法,3
疲,1
疲劳,1
疲惫,1
疼痛,9
疾病,17
病症,1
症状,1
痛过,1
痹,1
瘢换,1
瘦身,21
瘦身操,3
癌症,4
登记,15
登记表,1
白折,2
白领,1
白鹿原,1
百分比,2
百折不屈,7
百病,2
百节,1
皆,1
皮下脂肪,1
皮肤病,1
盆,7
盆底,2
盆腔,1
盆骶肌群,1
监护人,2
监测,1
监督,18
盘逦,1
目标,8
目的,12
直,1
直拳,1
直播,4
直至,3
相,3
相关,11
相当于,1
相约,1
省,2
省内,1
省队,1
看似,2
真人,1
真实,3
真理,1
眠,1
眼睛,1
着重,1
睡眠,2
瞄球,2
知,2
知名,1
知悉,1
知行,4
知识,9
矫正,21
短切,1
短时间,2
短期,1
短期内,1
短袖,5
短裤,4
矸,1
矿泉水,8
研究生,1
砖,17
砜,1
硇,1
硕北,1
硕卦,1
确认,3
碱性,1
礼,2
礼义廉耻,9
礼仪,7
礼品,8
礼物,3
礼貌,5
社交,5
社交能力,5
社会,1
祛病,1
神助,1
神秘,3
神经,2
神经衰弱,1
祥和,5
票,1
票价,2
禁忌,1
禁止,3
禁飞,2
禅,2
禅修,1
禅如质,2
禅舞,1
福,1
秀,5
私,19
私人,38
私教,64
私教小课,2
私教班,4
私柜,1
种类,7
科,2
科学,5
科学合理,1
科普,1
秘密,2
秘籍,1
租赁,9
秦岭,6
积极性,1
称为,1
程度,3
稳定,18
稳定平衡,3
稳定性,3
穴位,1
空中,14
空挥,1
空气,8
空间,9
空间设计,2
穿,27
穿戴,5
穿插,1
穿着,6
穿衣,1
突发事件,2
窗,2
窗户,2
窘,1
立减,2
竖脊,6
站,2
站姿,1
站立,1
竞技,5
竞赛,14
端,1
笔记本,1
符合,1
第七,1
第七次,9
第七节,2
第三节,2
第九节,2
第二份,2
第二天,2
第二期,1
第二次,2
第二节,8
第五节,2
第八,9
第八节,2
第六次,10
第六节,2
第十一,2
第十三,2
第十二,2
第十次,9
第十节,2
第四,10
第四节,2
第舞季,3
等体,5
等准,1
等同于,1
等惠凡,1
等易,1
等身,1
筋腱,1
筋膜,7
策划,1
筛查,6
签字,3
签约,1
简介,6
简单,3
简餐,8
算,4
管理,5
篮球,1
篮球场,4
米,15
类,7
类别,1
类型,14
粘滞,2
粘连,2
粥品,6
精准,15
精品,6
精品课,1
精品课程,3
精度,1
精神,8
精神状态,1
精神病,1
精美,8
糖尿病,2
糖果,8
糯米,26
系,1
系列,3
系统,19
系统化,1
素养,1
素斋区,4
素质,21
素问,4
紧实,2
紧张,8
紧致,1
紧身,12
累积,3
累计,1
繁忙,1
纠正,3
红底,1
红色,1
纤体,5
纤腿,3
约,24
约够,3
约定,6
级,5
级别,3
纬棠,1
纬蹋,1
纯净水,5
纯正,3
纳,1
纳米,2
线,9
线条,7
练,6
练出,2
练功,3
练舞功,2
组合,7
组织,4
绅士,4
细纹,1
细胞,1
细致,8
细致入微,2
终点站,4
终身,18
经期,2
经络,10
经营,9
经验,6
绒,4
结业,7
结伴,4
结束,9
结构,1
结肠,1
结账,1
绕城,2
给予,1
给出,3
绝无,1
统一,4
统一安排,1
续,2
续水,1
绳,4
绳操,5
维多利亚,2
维密,1
维护,19
维秘,7
综合,17
综合征,2
综合性,1
综合症,2
绿色,5
绿豆汤,5
缓解,9
编排,8
缠丝,3
缩减,2
缺乏,2
缺失,6
缺课,5
网前球,22
网球,28
罚,1
罨,1
置身事外,2
羌,1
美,11
美体,1
美国,6
美好,1
美学,1
美容,1
美式,9
美的,1
美背,2
美胸,2
美腿,2
群,10
羽毛球,27
羽毛球场,4
羽毛球拍,1
翘,1
老师,34
老年性,1
老店,5
考取,1
考核,8
考核内容,1
考级,3
考试,2
考试合格,1
考试合格者,1
耆,1
而定,3
耐,1
耐久力,2
耐力,29
耐高温,1
职业,4
联合会,1
联盟,3
联系电话,3
联网,10
聘请,1
聚变,2
肉肉,1
肌,28
肌力,1
肌群,2
肌肉,83
肌肤,1
肌腱,3
肖,7
肚皮,4
肚皮舞,88
肝脏,1
肠胃,1
肤质,1
肥胖,24
肥胖症,1
肩,25
肩周炎,6
肩胛,2
肩胛骨,4
肩部,1
肩颈,20
肾部,1
胃,1
背,3
背包,1
背痛,1
背部,9
胡尔维,2
胱,1
胸,1
胸部,11
能力,37
能量,15
脂,1
脂肪,11
脂肪型,1
脊柱,28
脊椎,2
脚,2
腰,5
腰围,1
腰方,2
腰椎,9
腰椎间盘,2
腰直,8
腰肌劳损,9
腰背,11
腰腹,10
腰腹部,2
腰部,9
腰间盘,4
腹,6
腹横肌,5
腹直,6
腹部,15
腺体,3
腿,22
腿法,1
腿部,23
膝关节,9
膝部,1
膳食,1
臀,11
臀型,2
臀部,20
臃肿,6
自主,1
自信,21
自信心,1
自到,1
自动,4
自助,3
自备,16
自带,17
自开,2
自开卡,8
自我,9
自换,2
自来,1
自然,4
自然疗法,2
自理,1
自理能力,10
自由,20
自由发挥,1
自由职业者,1
自由选择,1
自磨,3
自编,1
自行,20
自行安排,2
自费,1
自选,3
自重,1
自驾,2
自验券,3
至多,2
至少,9
至涝,2
致力于,3
致电,16
致病,1
舒展,1
舒心,3
舒爽,1
舒缓,2
舒适,10
舞,49
舞之城,1
舞剧,1
舞力,1
舞功厂,2
舞动,3
舞团,2
舞房,2
舞服,1
舞种,12
舞艺,2
舞蹈,119
舞鞋,1
舞韵,22
艺人,1
艺术,1
艺术体操,9
艾,11
艾普,19
艾杨格,1
艿,1
节,46
节假日,3
节奏,1
节数,1
节私教,1
节课,30
节食,1
芭蕾,15
芭蕾舞,6
花,1
花式,4
花果茶,1
花生,1
花茶,6
苌,1
苏打,4
苏打水,2
苗条,2
若因,1
苦苦,1
苦荞,1
英式,5
苹果,1
茉,1
茗茶,1
茶,18
茶几,4
茶品,1
茶室,1
茶水,29
茶点,6
茶熏,1
茶艺,4
茶道,1
草皮,2
荣耀,4
荣誉,3
荩,1
药灸,1
莨蚁,1
获赠,1
菊花茶,1
菩提,2
萌班,1
萘方萄,1
营业,1
营养,3
营养餐,2
营造,2
萨拉,9
萱,1
落地窗,1
著名,1
葜,1
蒙古包,1
蒙特利尔,2
蒸,3
蒸区,4
蒸服,2
蓝底,1
蔡,1
蕖,1
薄弱,4
藏式,2
蛊,1
蛙泳,3
蜜桃,1
蝴蝶,2
融入,1
血压,3
血液循环,1
血管,2
血脂,2
行,1
行业,1
行卡,1
行者,1
行驶,6
街舞,27
衣服,8
衣柜,1
补,3
补缺,1
补课,1
补足,1
表演,2
表现,4
衰退,2
袷,1
裁判,5
装备,2
装有,2
裙子,12
褂,1
西,2
西北风,12
西大街,3
西安,25
西安地区,5
西安市,14
西瓜,1
西郊,4
要素,1
要领,2
见证,2
观念,1
观看,8
观赏,1
规划,3
规则,31
规格,5
规模,2
规范,2
视为,1
视力,2
视频,4
解决,4
解决方案,2
解开,2
解析,2
计入,9
计划,51
计划书,1
计卡,1
计天,1
计时,2
计算,3
订制,8
认可,2
认知,4
认证,1
讨论,3
让你在,2
训,1
训前,6
训后,6
训练,202
训练器,6
训练场,1
训练场地,8
训练方法,6
训练营,5
记名,5
记天,1
记录,2
记忆,1
记忆力,2
讲授,1
讲解,9
设备,13
设定,8
设施,18
设有,1
设立,2
设置,4
设计,7
诀窍,2
证书,14
证件照,1
评估,43
评选,1
试,2
试听,1
试课,5
诚挚,2
诟骼,2
诠释,1
询,2
详情,20
详情请,14
详细,1
详询,9
语言,1
诮,1
说,2
请,91
请于,1
请假,9
请悉,2
请款,1
诺,1
课,89
课下,3
课为,2
课后,13
课周,2
课均,1
课堂,4
课对,2
课时,81
课时费,6
课是,3
课有,1
课本,13
课私教,3
课种,4
课程,559
课程体系,1
课程内容,8
课程班,1
课程目标,1
课程表,8
课表,3
课表上,1
课谎,1
调整,6
调理,39
调节,1
谌,1
谔,1
谢,3
谢谢,4
谦谦君子,4
豁达,4
豆浆,2
豢,2
豪华,1
豪礼,1
负责,10
负面,1
责任,3
账号,2
账户,2
贫一坏,1
购买,31
购价,1
购卡,1
贴身,2
贴近,1
贵宾,2
贵重,2
费,19
费用,17
资,2
资格,3
资格证书,4
赏丝,1
赔偿,3
赖,1
赘肉,2
赛,2
赛事,4
赛台,1
赛车,1
赜,1
赠,1
赠品,1
赠特,1
赠送,47
走训,1
走路,1
起动,11
起博器,2
起售,1
起步,2
起飞,6
超值,3
超出,4
超大,2
超时,2
超神,2
超过,3
越大,2
趣味,6
趣味性,4
足底,1
足球,1
足球运动,1
跆拳,5
跆拳道,64
跆真,5
跑步,1
跑步机,2
跗,1
跟踪,18
跨步,3
路,7
路上,1
路北,4
路口,8
路线,4
跳,4
跳步,3
跳绳,10
跳舞,2
踌躇,1
踏板,1
踝关节,2
踢弹,1
踢腿,1
蹦,1
蹬,1
蹬步,3
身,9
身份证,7
身份证号,2
身体,132
身体健康,2
身体状况,17
身体素质,17
身和心,4
身形,2
身心,17
身心俱疲,1
身手不凡,4
身材,12
身法,1
身高,2
车票,2
车辆,2
转,10
转借,55
转发,5
转班,33
转移,1
转让,5
轮番,1
轰炸,1
轴,7
轻,1
轻松,6
较佳,1
辅具,4
辅助,40
输入,1
辖,1
过不去,1
过大,3
过山车,4
过程,24
运,1
运动,187
运动员,3
运动器材,15
运动场,2
运动服装,3
运动袜,1
运动装,7
运动鞋,10
近千,1
返现,1
返还,1
还原,1
这是,3
进,1
进一步,2
进口,2
进口设备,3
进店,22
进阶,1
进餐,5
远离,1
违约金,2
违者,2
连接,1
连结,4
连续,5
连贯,3
迪笆,1
迷你,1
迹怀,1
追梦,2
退化,1
退单,2
退改,2
退款,3
退步,1
退课,8
退还,4
送,41
送回,2
送拉,2
送水,4
送球,1
送礼物,2
适合,11
适宜,26
适用人群,1
适用范围,1
适能,9
逆转,1
选,14
选择,42
透,1
透气,2
逐风,1
递进,1
通,1
通卡,1
通宵,1
通用,15
通知,1
通过考核,1
通透,2
通风,4
速减,1
速度,22
速成,2
速瘦,15
逾期作废,1
遇见,1
道,10
道服,1
道馆,21
遗址,2
遵守,13
邀请,2
郝颍,1
部位,7
部门,1
酌情,1
配合,10
配备,1
配套,5
配戴,1
配有,20
配置,2
酒吧,5
酒店,2
酷爽,4
酸梅汤,1
酸碱度,1
醉酒,2
醒,1
采光,1
采用,12
释放,8
里合,1
重塑,1
重复使用,5
重度,2
重心,2
重装,4
重道,4
量,2
量力而行,1
量身,10
量身定做,5
金,16
金仕堡,1
金嵩,2
金牌,1
金额,2
鋈,1
针对性,14
钜,1
钟楼,3
钢库,2
钢管,1
钢管舞,5
钱,3
铁杆,1
铁观音,2
铜,9
银,17
铺,1
铺巾,3
锅巴,1
锕,1
错过,1
锻炼,36
镇,2
镜子,2
镜昊,1
长,109
长寿,2
长时间,2
长期,5
长衣,2
长裤,2
门店,3
门票,2
门面房,4
闪存卡,2
闫,1
间,1
阅读,13
阈,1
队,2
防卫,2
防晒,2
防身术,12
阳光,5
阳气,4
阴,42
阵,2
阶段,6
阻力,1
阻抗,1
阿奴,10
阿房,4
阿斯,35
陀蒙枋,1
陆续,1
陈式,2
陈氏,1
降低,2
降落场,2
降重,1
限,78
限于,3
限前,2
限团,2
限时,23
限期,2
限次,2
限用,6
限购,15
限量,1
陕西,4
陕西省,9
陪同,4
陪练,1
随上,5
随到,10
随学,1
随心所欲,1
随意,7
随机,1
随练,4
随身携带,2
隐患,2
雅荷店,1
集,1
集中式,1
集中精力,1
集体,11
集合,2
集训,3
集训营,2
雕塑,2
雨桐,2
零售价,1
零食,1
需,68
需交,1
需先,3
需加,2
需在,1
需提交,1
需求,12
霰弹,1
青少年,10
青春年华,1
静坐,1
静如处子,5
静如画,2
静心,2
静态,5
非,17
非会员,4
面积,2
靶,2
鞋,4
鞋架,1
鞍时,1
韧带,1
韧性,4
韩,5
韩国,10
韩欧美,1
韩舞,1
音,1
音乐,3
音响,4
韵律,4
项,3
项目,36
顺产,2
顺位,7
顺利,4
顺流,3
须,21
须主卡人,1
须知,4
顾客,15
颁发,11
预售,4
预定,4
预科,1
预约,85
预防,12
领卡,1
领取,3
领域,5
领导,4
领导者,5
领舞,3
颈,17
颈椎,7
颈椎病,1
颈部,4
颍,1
频率,2
额外,1
风之翼,4
风情,2
风暴,4
风险,1
飞,8
飞枋,1
飞渡,3
飞行,42
食品,1
食欲,1
餍,5
餐品,2
餐等,1
餐饮,8
饮,10
饮品,16
饮料,4
饮水,1
饮用水,8
饮酒者,2
饮食,16
饮食习惯,3
饲,1
馆,3
馆训,4
首届,4
首次,10
首节,17
香薰,5
马术,7
马步,2
马甲,10
驶出,2
驼背,14
验券,3
验证,14
验证码,2
骑士,1
骑程,1
骑马,5
骨盆,20
骨骼,2
骨骼肌,1
骶,8
骸,1
髋,2
髋关节,7
高,2
高冠,1
高压,9
高品质,2
高密度,1
高尔夫,15
高度,2
高标准,1
高档,1
高温,28
高球,9
高科技,1
高空,1
高端,1
高素质,3
高级,14
高级班,1
高血压,15
高跟鞋,5
高远球,12
高速,8
魅力,4
魔力,1
鸟巢,2
鸟语林,1
鸵鸟,1
鹰嘴,6
麻将,1
麻将机,6
麻将桌,1
黄,3
黄金,2
黑,4
黑八,9
黑八赛,1
黪,1
鼓励,1
齐备,5
龙井茶,1
￥,8
